ds,y,orders,aov,is_anomaly
2025-01-01,214563.24,812,264.24044334975366,False
2025-01-02,236349.12,815,289.9989202453988,False
2025-01-03,206965.8,828,249.9586956521739,False
2025-01-04,222578.59,871,255.54373134328358,False
2025-01-05,220186.67,815,270.16769325153376,False
2025-01-06,214325.14,806,265.91208436724565,False
2025-01-07,215105.37,812,264.9080911330049,False
2025-01-08,216434.53,801,270.2054057428215,False
2025-01-09,210439.83,814,258.5255896805897,False
2025-01-10,236826.81,847,279.60662337662336,False
2025-01-11,230799.88,819,281.8069352869353,False
2025-01-12,219502.84,799,274.7219524405507,False
2025-01-13,218532.48,824,265.2093203883495,False
2025-01-14,216571.39,798,271.39271929824565,False
2025-01-15,211126.13,803,262.92170610211707,False
2025-01-16,213210.35,830,256.8799397590362,False
2025-01-17,212047.88,801,264.7289388264669,False
2025-01-18,221367.26,808,273.9693811881188,False
2025-01-19,219241.01,806,272.01117866004967,False
2025-01-20,196697.42,769,255.7833810143043,False
2025-01-21,227370.77,816,278.6406495098039,False
2025-01-22,229201.03,842,272.21024940617576,False
2025-01-23,238717.73,877,272.19809578107186,False
2025-01-24,199041.01,757,262.93396301188903,False
2025-01-25,220524.57,831,265.3725270758123,False
2025-01-26,228578.58,843,271.1489679715302,False
2025-01-27,226560.31,831,272.63575210589653,False
2025-01-28,221322.22,828,267.29736714975843,False
2025-01-29,242453.55,865,280.29312138728324,False
2025-01-30,222122.14,838,265.0622195704057,False
2025-01-31,215217.68,787,273.4659212198221,False
2025-02-01,212429.39,799,265.8690738423029,False
2025-02-02,209006.52,788,265.2367005076142,False
2025-02-03,200803.46,756,265.6130423280423,False
2025-02-04,211729.62,798,265.3253383458647,False
2025-02-05,222929.71,826,269.8906900726392,False
2025-02-06,237727.5,847,280.67001180637544,False
2025-02-07,230351.5,810,284.38456790123456,False
2025-02-08,209901.33,781,268.7597055057618,False
2025-02-09,203464.83,771,263.8973151750973,False
2025-02-10,219541.94,781,281.1036363636364,False
2025-02-11,212100.69,783,270.8821072796935,False
2025-02-12,207694.5,754,275.4568965517241,False
2025-02-13,215783.75,831,259.66756919374245,False
2025-02-14,225887.4,841,268.5938168846611,False
2025-02-15,221051.61,828,266.9705434782609,False
2025-02-16,258181.56,945,273.20799999999997,False
2025-02-17,220025.96,826,266.3752542372881,False
2025-02-18,198784.74,742,267.90396226415095,False
2025-02-19,204990.91,767,267.26324641460235,False
2025-02-20,224157.0,831,269.7436823104693,False
2025-02-21,223853.53,800,279.8169125,False
2025-02-22,430084.25,1549,277.65284054228533,True
2025-02-23,195957.34,782,250.5848337595908,False
2025-02-24,213873.79,786,272.104058524173,False
2025-02-25,211394.15,786,268.9493002544529,False
2025-02-26,207312.54,815,254.37121472392639,False
2025-02-27,228371.74,852,268.0419483568075,False
2025-02-28,210715.41,816,258.22966911764706,False
2025-03-01,206875.98,777,266.24965250965255,False
2025-03-02,212116.86,775,273.69917419354834,False
2025-03-03,219703.2,797,275.6627352572146,False
2025-03-04,212965.73,758,280.95742744063324,False
2025-03-05,198676.72,766,259.3690861618799,False
2025-03-06,202855.66,793,255.80789407313998,False
2025-03-07,212145.05,784,270.5931760204081,False
2025-03-08,201759.32,751,268.65422103861516,False
2025-03-09,224402.9,803,279.45566625155664,False
2025-03-10,219998.01,809,271.93820766378246,False
2025-03-11,203168.67,742,273.8122237196766,False
2025-03-12,202984.81,810,250.59853086419753,False
2025-03-13,213464.51,784,272.2761607142857,False
2025-03-14,196516.79,752,261.32551861702126,False
2025-03-15,205104.99,782,262.2825959079284,False
2025-03-16,191496.39,737,259.8322795115333,False
2025-03-17,213368.27,784,272.1534056122449,False
2025-03-18,224849.86,814,276.2283292383292,False
2025-03-19,206265.2,780,264.4425641025641,False
2025-03-20,211230.19,789,267.7188719898606,False
2025-03-21,230962.14,834,276.93302158273383,False
2025-03-22,223655.15,822,272.0865571776156,False
2025-03-23,221515.91,811,273.1392231812577,False
2025-03-24,210645.01,794,265.2959823677582,False
2025-03-25,224145.21,818,274.01614914425426,False
2025-03-26,205989.49,762,270.3274146981627,False
2025-03-27,226516.31,795,284.92617610062894,False
2025-03-28,224252.78,830,270.18407228915663,False
2025-03-29,211071.99,776,271.999987113402,False
2025-03-30,202588.67,768,263.7873307291667,False
2025-03-31,211446.43,803,263.32058530510585,False
2025-04-01,204831.38,789,259.6088466413181,False
2025-04-02,202588.04,782,259.063989769821,False
2025-04-03,219518.3,817,268.6882496940024,False
2025-04-04,211549.21,830,254.87856626506024,False
2025-04-05,218251.27,834,261.69217026378897,False
2025-04-06,236430.32,816,289.7430392156863,False
2025-04-07,218681.84,803,272.3310585305106,False
2025-04-08,202296.06,800,252.87007499999999,False
2025-04-09,219852.69,777,282.950694980695,False
2025-04-10,218584.61,827,264.31029020556224,False
2025-04-11,230129.82,859,267.9043306169965,False
2025-04-12,223811.96,812,275.63049261083745,False
2025-04-13,233879.41,849,275.4763368669022,False
2025-04-14,227545.72,828,274.81367149758455,False
2025-04-15,207350.38,828,250.42316425120774,False
2025-04-16,229860.9,839,273.97008343265793,False
2025-04-17,222265.76,810,274.4021728395062,False
2025-04-18,222007.48,817,271.7349816401469,False
2025-04-19,215232.38,836,257.455,False
2025-04-20,220176.56,787,279.7669123252859,False
2025-04-21,226080.27,825,274.0366909090909,False
2025-04-22,225784.19,853,264.69424384525206,False
2025-04-23,228394.42,840,271.89811904761905,False
2025-04-24,203642.01,779,261.41464698331197,False
2025-04-25,229701.7,869,264.3287686996548,False
2025-04-26,203888.87,788,258.7422208121827,False
2025-04-27,217664.52,815,267.0730306748466,False
2025-04-28,223879.22,817,274.02597307221544,False
2025-04-29,219293.69,817,268.413329253366,False
2025-04-30,227276.02,841,270.24497027348394,False
2025-05-01,235753.49,819,287.8552991452991,False
2025-05-02,209674.61,777,269.8514929214929,False
2025-05-03,216612.33,777,278.7803474903475,False
2025-05-04,205646.41,817,251.70919216646269,False
2025-05-05,225238.13,812,277.38685960591135,False
2025-05-06,213098.95,815,261.47110429447855,False
2025-05-07,201488.17,766,263.0393864229765,False
2025-05-08,207831.72,786,264.4169465648855,False
2025-05-09,220376.48,801,275.1266916354557,False
2025-05-10,222354.97,836,265.97484449760765,False
2025-05-11,219372.71,810,270.8305061728395,False
2025-05-12,213636.61,793,269.40303909205545,False
2025-05-13,228529.89,818,279.3763936430318,False
2025-05-14,213211.31,830,256.88109638554215,False
2025-05-15,220302.83,786,280.2834987277354,False
2025-05-16,208781.95,797,261.9597867001255,False
2025-05-17,228121.27,819,278.5363492063492,False
2025-05-18,209466.98,790,265.1480759493671,False
2025-05-19,224706.96,808,278.10267326732674,False
2025-05-20,232011.06,857,270.72469078179694,False
2025-05-21,227426.7,844,269.4629146919431,False
2025-05-22,210787.74,793,265.8105170239596,False
2025-05-23,245523.54,889,276.17946006749156,False
2025-05-24,201926.16,783,257.88781609195405,False
2025-05-25,221076.18,829,266.67814234016885,False
2025-05-26,231921.77,830,279.4238192771084,False
2025-05-27,222232.75,825,269.3730303030303,False
2025-05-28,217358.46,810,268.34377777777775,False
2025-05-29,228191.75,862,264.7236078886311,False
2025-05-30,216442.78,800,270.553475,False
2025-05-31,213516.69,809,263.9266872682324,False
2025-06-01,199563.52,811,246.070924784217,False
2025-06-02,209267.46,796,262.8988190954774,False
2025-06-03,230320.9,855,269.38116959064325,False
2025-06-04,216256.61,818,264.37238386308064,False
2025-06-05,219038.69,818,267.7734596577017,False
2025-06-06,216078.96,778,277.73645244215936,False
2025-06-07,215693.35,798,270.2924185463659,False
2025-06-08,205504.27,783,262.45756066411235,False
2025-06-09,221717.83,826,268.4235230024213,False
2025-06-10,227898.26,827,275.5722611850061,False
2025-06-11,211083.68,804,262.5418905472637,False
2025-06-12,208529.66,795,262.3014591194969,False
2025-06-13,228757.57,837,273.3065352449224,False
2025-06-14,206947.67,763,271.2289252948886,False
2025-06-15,225478.63,821,274.63901339829476,False
2025-06-16,222094.02,847,262.21253837072015,False
2025-06-17,210954.9,807,261.4063197026022,False
2025-06-18,215906.52,845,255.51067455621302,False
2025-06-19,220952.09,798,276.88231829573937,False
2025-06-20,224933.49,810,277.6956666666667,False
2025-06-21,212137.43,824,257.44833737864076,False
2025-06-22,238850.51,862,277.0887587006961,False
2025-06-23,216159.71,790,273.61988607594935,False
2025-06-24,209936.48,768,273.3547916666667,False
2025-06-25,221258.03,830,266.57593975903615,False
2025-06-26,224350.0,815,275.2760736196319,False
2025-06-27,212659.41,836,254.37728468899522,False
2025-06-28,209574.95,787,266.29599745870394,False
2025-06-29,218177.84,834,261.6041247002398,False
2025-06-30,213593.75,799,267.3263454317897,False
2025-07-01,219429.35,814,269.56922604422607,False
2025-07-02,213022.96,790,269.6493164556962,False
2025-07-03,216835.25,818,265.0797677261614,False
2025-07-04,216471.78,791,273.66849557522124,False
2025-07-05,239345.36,881,271.6746424517593,False
2025-07-06,220637.34,815,270.7206625766871,False
2025-07-07,212202.37,826,256.90359564164646,False
2025-07-08,238654.62,893,267.2504143337066,False
2025-07-09,216318.7,839,257.82920143027417,False
2025-07-10,222475.3,821,270.98087697929355,False
2025-07-11,187775.45,749,250.70153538050735,False
2025-07-12,216813.65,791,274.10069532237674,False
2025-07-13,217815.3,833,261.4829531812725,False
2025-07-14,212723.57,804,264.58155472636815,False
2025-07-15,202231.59,730,277.02957534246576,False
2025-07-16,228508.1,818,279.3497555012225,False
2025-07-17,193186.96,727,265.73171939477305,False
2025-07-18,193532.76,768,251.99578125000002,False
2025-07-19,210261.73,790,266.15408860759493,False
2025-07-20,216316.24,803,269.3851058530511,False
2025-07-21,207191.72,810,255.79224691358024,False
2025-07-22,218725.08,853,256.41861664712775,False
2025-07-23,197534.84,763,258.8923197903014,False
2025-07-24,214530.27,788,272.2465355329949,False
2025-07-25,211214.9,805,262.37875776397516,False
2025-07-26,233261.02,814,286.5614496314496,False
2025-07-27,218474.93,804,271.734987562189,False
2025-07-28,231266.14,848,272.71950471698113,False
2025-07-29,204215.1,777,262.8250965250965,False
2025-07-30,197905.87,763,259.3785976408912,False
2025-07-31,221390.26,810,273.3213086419753,False
2025-08-01,216098.89,812,266.1316379310345,False
2025-08-02,227387.04,812,280.03330049261086,False
2025-08-03,237354.17,884,268.5001923076923,False
2025-08-04,232356.6,838,277.27517899761335,False
2025-08-05,219029.87,797,274.817904642409,False
2025-08-06,213718.93,806,265.15996277915633,False
2025-08-07,226188.62,809,279.59038318912235,False
2025-08-08,219044.56,819,267.4536752136752,False
2025-08-09,222863.62,827,269.4844256348247,False
2025-08-10,224802.52,853,263.5433997655334,False
2025-08-11,213175.61,808,263.8312004950495,False
2025-08-12,223926.67,827,270.76985489721886,False
2025-08-13,227318.51,835,272.2377365269461,False
2025-08-14,213467.95,823,259.3778250303767,False
2025-08-15,207220.01,761,272.2996189224705,False
2025-08-16,211472.21,806,262.37246898263027,False
2025-08-17,200962.95,786,255.67805343511452,False
2025-08-18,235764.91,869,271.3059953970081,False
2025-08-19,208468.35,785,265.5647770700637,False
2025-08-20,226430.98,827,273.79804111245465,False
2025-08-21,214532.34,827,259.4103264812575,False
2025-08-22,219218.0,819,267.66544566544565,False
2025-08-23,202545.16,770,263.04566233766235,False
2025-08-24,240873.97,849,283.7149234393404,False
2025-08-25,239749.51,825,290.6054666666667,False
2025-08-26,210268.07,783,268.5415964240102,False
2025-08-27,218349.72,814,268.24289926289924,False
2025-08-28,219947.16,826,266.27985472154967,False
2025-08-29,207450.71,773,268.37090556274256,False
2025-08-30,209037.0,782,267.31074168797954,False
2025-08-31,201874.61,775,260.48336774193547,False
