model,origin,MAE,MAPE,WAPE
Naive (last day),2025-03-01,9201.365333333328,4.253654344085507,4.3362697849907255
Mean of all history,2025-03-01,9881.23806021806,4.773311824615374,4.656669144915012
Moving avg 7d,2025-03-01,8196.828571428572,3.8455349211033703,3.862868039623659
Moving avg 14d,2025-03-01,9266.439496172667,4.451248646264464,4.366936877958064
Moving avg 28d,2025-03-01,9249.545557610143,4.442398730427788,4.35897537738893
Seasonal naive (7d),2025-03-01,9580.149,4.465536451115015,4.514776790126632
Weekday profile (8 weeks),2025-03-01,10095.562215327092,4.876105218399648,4.757672346540557
Naive (last day),2025-03-15,13274.958333333338,5.962141073868856,6.1194196735047575
Mean of all history,2025-03-15,9043.012962451803,4.197585673476172,4.168600009179143
Moving avg 7d,2025-03-15,10860.110999999984,4.907916833112834,5.006236196084381
Moving avg 14d,2025-03-15,11066.51633333331,4.997425704467473,5.101383828626824
Moving avg 28d,2025-03-15,9594.236017814868,4.378955580279447,4.422699880890843
Seasonal naive (7d),2025-03-15,12496.994666666662,5.71608481478513,5.760798120989756
Weekday profile (8 weeks),2025-03-15,9252.84403467291,4.281429610600855,4.265326820610123
Naive (last day),2025-03-29,10879.724333333337,4.88901548680453,4.97706603943636
Mean of all history,2025-03-29,8760.472019548295,4.0076621152425735,4.007587549285603
Moving avg 7d,2025-03-29,8329.599190476196,3.832758198623778,3.810479381910411
Moving avg 14d,2025-03-29,8856.158142857137,4.046558215411045,4.0513603637590965
Moving avg 28d,2025-03-29,10225.641285714268,4.61358244048841,4.677847564451479
Seasonal naive (7d),2025-03-29,10951.141666666663,5.037053759036784,5.0097367922486695
Weekday profile (8 weeks),2025-03-29,9313.588618006239,4.218369340027223,4.26061765866064
Naive (last day),2025-04-12,8075.8179999999975,3.7872870372178147,3.684779350111459
Mean of all history,2025-04-12,8289.27425215931,3.768719666957975,3.7821737181010318
Moving avg 7d,2025-04-12,7594.388380952383,3.531851308590032,3.465115915546852
Moving avg 14d,2025-04-12,8482.819142857152,3.8480699462857966,3.8704830654096254
Moving avg 28d,2025-04-12,8418.49414285713,3.8216977351705346,3.8411332915915426
Seasonal naive (7d),2025-04-12,11387.259333333333,5.265003161110219,5.195701295624873
Weekday profile (8 weeks),2025-04-12,9031.973243006245,4.074155443795542,4.12104736592487
Naive (last day),2025-04-26,15835.103,7.0302397434307755,7.216370053304498
Mean of all history,2025-04-26,8572.831906598987,3.8667285877588684,3.906809285850193
Moving avg 7d,2025-04-26,8200.155,3.7435616844448814,3.736973038600074
Moving avg 14d,2025-04-26,8308.980190476188,3.817869161899371,3.7865668331966438
Moving avg 28d,2025-04-26,8319.007142857141,3.776871878468095,3.791136313981695
Seasonal naive (7d),2025-04-26,10268.899999999996,4.707246661502197,4.679741106854722
Weekday profile (8 weeks),2025-04-26,8993.830208333333,4.038658638750727,4.098666549874796
Naive (last day),2025-05-10,8459.321333333337,3.91522656880224,3.863887272090621
Mean of all history,2025-05-10,7791.571020082434,3.5246708890449714,3.5588850343652445
Moving avg 7d,2025-05-10,8648.989523809514,3.867898624435009,3.9505202865162112
Moving avg 14d,2025-05-10,7766.732666666667,3.5229423731226985,3.5475398455680422
Moving avg 28d,2025-05-10,7787.959904761904,3.561327208347705,3.557235618061591
Seasonal naive (7d),2025-05-10,11339.003999999995,5.134918397538897,5.179213734456942
Weekday profile (8 weeks),2025-05-10,8253.012583333333,3.74946399683516,3.7696535006289786
Naive (last day),2025-05-24,16726.886333333325,7.519127367187925,7.655481921048725
Mean of all history,2025-05-24,6892.656333333334,3.1394035110043754,3.154598225653156
Moving avg 7d,2025-05-24,7449.0241428571435,3.4574438322020216,3.409234003190255
Moving avg 14d,2025-05-24,7169.091190476192,3.3091493315123754,3.281115618611557
Moving avg 28d,2025-05-24,6997.317142857145,3.2110024753481925,3.2024988880469194
Seasonal naive (7d),2025-05-24,12265.413000000008,5.5993931433743445,5.6135759880532525
Weekday profile (8 weeks),2025-05-24,6822.863,3.1252472672653826,3.122655544218279
Naive (last day),2025-06-07,6631.531666666664,2.9807511185249593,3.039476827417837
Mean of all history,2025-06-07,6571.870658581963,2.976329575766381,3.012131975475814
Moving avg 7d,2025-06-07,6735.3590952380955,3.0217135507830886,3.0870647873426176
Moving avg 14d,2025-06-07,6647.365190476188,3.0241246454717787,3.046733918408945
Moving avg 28d,2025-06-07,6775.202523809525,3.095949222564728,3.10532650785531
Seasonal naive (7d),2025-06-07,10147.959,4.582411306146514,4.651185846118451
Weekday profile (8 weeks),2025-06-07,7218.082125,3.2857168098433984,3.3083146488787145
Naive (last day),2025-06-21,8966.782666666666,4.1378502655877805,4.160076574605961
Mean of all history,2025-06-21,8394.914869518212,3.965225142109526,3.894762479782117
Moving avg 7d,2025-06-21,8925.857333333332,4.23717984318154,4.14108955029223
Moving avg 14d,2025-06-21,8383.014857142853,3.9589372618053003,3.889241551645397
Moving avg 28d,2025-06-21,8519.402690476183,4.030834097649514,3.9525177401740272
Seasonal naive (7d),2025-06-21,10684.11233333333,5.047500060291788,4.956819752483346
Weekday profile (8 weeks),2025-06-21,10484.320333333333,4.958142383257534,4.864127640954492
Naive (last day),2025-07-05,24066.67633333332,11.59825064282748,11.179312286486152
Mean of all history,2025-07-05,10279.696756874017,4.886402512045951,4.7750648516556815
Moving avg 7d,2025-07-05,10791.940904761905,5.166878948857019,5.01300951908083
Moving avg 14d,2025-07-05,10694.62661904762,5.115684825861026,4.967805653999155
Moving avg 28d,2025-07-05,10415.175857142869,4.965977965097346,4.837996814059643
Seasonal naive (7d),2025-07-05,11135.166,5.271191721876572,5.172442440813822
Weekday profile (8 weeks),2025-07-05,11140.839624999999,5.319926621207705,5.175077920046307
Naive (last day),2025-07-19,10980.26299999999,4.929206533137885,5.033600687888164
Mean of all history,2025-07-19,8659.424523053583,3.976943071834981,3.9696758844444973
Moving avg 7d,2025-07-19,12143.585857142853,5.43702689589081,5.566894174023272
Moving avg 14d,2025-07-19,9853.579000000003,4.44238427287121,4.517103281821249
Moving avg 28d,2025-07-19,8802.432380952378,4.018015156736601,4.035233918153961
Seasonal naive (7d),2025-07-19,16115.870666666662,7.392088795438129,7.387879295209054
Weekday profile (8 weeks),2025-07-19,8641.305708333337,3.9680798259233723,3.9613698103331982
